"PAG ID","PAG Type","PAG Name","Size","Pubmed Reference","Organism","Data source","cohension"
"WIG000846","P","Genes involved in Formation of the HIV 1 Early Elongation Complex","29","null","Homo sapiens","MSigDB","1.04e+4"
"WIG000962","P","Genes involved in Late Phase of HIV Life Cycle","93","null","Homo sapiens","MSigDB","7.70e+3"
"WIG000081","P","HIV 1 Nef: Negative effector of Fas and TNF alpha","35","null","Homo sapiens","MSigDB","7.04e+3"
"WIG000651","P","Genes involved in Abortive elongation of HIV 1 transcript in the absence of Tat","19","null","Homo sapiens","MSigDB","6.33e+3"
"WIG000909","P","Genes involved in Host Interactions of HIV factors","120","null","Homo sapiens","MSigDB","5.96e+3"
"WIG000905","P","Genes involved in HIV Life Cycle","108","null","Homo sapiens","MSigDB","5.34e+3"
"WIG000343","P","HIV I Nef: negative effector of Fas and TNF","58","null","Homo sapiens","MSigDB","4.37e+3"
"WIG000904","P","Genes involved in HIV Infection","188","null","Homo sapiens","MSigDB","4.33e+3"
"WIG001273","P","Genes involved in The role of Nef in HIV 1 replication and disease pathogenesis","28","null","Homo sapiens","MSigDB","1.31e+3"
"GEX000814","G","hepatitis b","16","null","Homo sapiens","GAD","1.13e+3"
"FAX001874","A","Genes down regulated in comparison of control conventional dendritic cells (cDC) at 6 h versus cDCs infected with Newcastle disease virus (NDV) at 6 h.","173","null","Homo sapiens","MSigDB","968"
"WIG000439","P","HIV Induced T Cell Apoptosis","9","null","Homo sapiens","MSigDB","859"
"FAX001864","A","Genes down regulated in comparison of control conventional dendritic cells (cDC) at 0 h versus cDCs infected with Newcastle disease virus (NDV) at 8 h.","179","null","Homo sapiens","MSigDB","791"
"FAX001862","A","Genes down regulated in comparison of control conventional dendritic cells (cDC) at 0 h versus cDCs infected with Newcastle disease virus (NDV) at 6 h.","182","null","Homo sapiens","MSigDB","744"
"FAX001866","A","Genes down regulated in comparison of control conventional dendritic cells (cDC) at 10 h versus cDCs infected with Newcastle disease virus (NDV) at 10 h.","172","null","Homo sapiens","MSigDB","642"
"FAX001860","A","Genes down regulated in comparison of control conventional dendritic cells (cDC) at 0 h versus cDCs infected with Newcastle disease virus (NDV) at 4 h.","169","null","Homo sapiens","MSigDB","533"
"GEX000841","G","hiv","33","null","Homo sapiens","GAD","521"
"MAX003127","A","Genes induced in the liver during hepatitis B (HBV) viral clearance in chimpanzees.","95","null","Homo sapiens","MSigDB","408"
"MAX002500","A","Selected genes up regulated in peripheral blood monocytes (PBMC) of patients with hepatocellular carcinoma (HCC) compared to those with chronic hepatitis.","80","null","Homo sapiens","MSigDB","378"
"FAX001868","A","Genes down regulated in comparison of control conventional dendritic cells (cDC) at 18 h versus cDCs infected with Newcastle disease virus (NDV) at 18 h.","161","null","Homo sapiens","MSigDB","271"
"FAX001846","A","Genes down regulated in comparison of control conventional dendritic cells (cDC) at 0 h versus cDCs infected with Newcastle disease virus (NDV) at 10 h.","178","null","Homo sapiens","MSigDB","270"
"MAX000813","A","Genes up regulated by IL2 [GeneID=3558] in both primary thymocytes and T1 cells (primary thymocytes immortalized by Tax,  an HTLV 1 encoded gene).","11","null","Homo sapiens","MSigDB","252"
"MAX003164","A","Genes negatively correlated with recurrence free survival in patients with hepatitis B related (HBV) hepatocellular carcinoma (HCC).","79","null","Homo sapiens","MSigDB","230"
"GEX167189","G","HIV 1 control","4","21051598.0","Homo sapiens","GWAS Catalog","226"
"GEX000817","G","hepatitis b,  chronic","13","null","Homo sapiens","GAD","181"
"MAX001393","A","Genes down regulated in AIDS related primary effusion lymphoma (PEL) samples compared to other tumor subtypes and normal B lymphocytes.","54","null","Homo sapiens","MSigDB","167"
"FAX001852","A","Genes down regulated in comparison of control conventional dendritic cells (cDC) at 0 h versus cDCs infected with Newcastle disease virus (NDV) at 16 h.","178","null","Homo sapiens","MSigDB","165"
"WIG000815","P","Genes involved in Early Phase of HIV Life Cycle","15","null","Homo sapiens","MSigDB","154"
"MAX000816","A","Genes with putative STAT5 [GeneID=6777] binding sites; up regulated by IL2 [GeneID=3558] only in T1 cells (primary thymocytes immortalized by Tax,  an HTLV 1 encoded gene).","9","null","Homo sapiens","MSigDB","149"
"FAX001848","A","Genes down regulated in comparison of control conventional dendritic cells (cDC) at 0 h versus cDCs infected with Newcastle disease virus (NDV) at 12 h.","173","null","Homo sapiens","MSigDB","139"
"GEX167949","G","Hepatitis C induced liver cirrhosis","1","23321320.0","Homo sapiens","GWAS Catalog","126"
"GEX001149","G","myelopathy,  htlv 1 associated","2","null","Homo sapiens","GAD","126"
"GEX167742","G","Hepatitis B (viral clearance)","2","22737229.0","Homo sapiens","GWAS Catalog","126"
"GEX000443","G","cirrhosis,  biliary primary; hepatitis,  autoimmune","2","null","Homo sapiens","GAD","126"
"GEX000842","G","hiv infection","2","null","Homo sapiens","GAD","126"
"GEX000822","G","hepatitis type 2,  autoimmune","2","null","Homo sapiens","GAD","126"
"GEX001491","G","severe acute respiratory syndrome","2","null","Homo sapiens","GAD","126"
"GEX000818","G","hepatitis c","16","null","Homo sapiens","GAD","125"
"MAX002499","A","Selected genes down regulated in peripheral blood monocytes (PBMC) of patients with hepatocellular carcinoma (HCC) compared to those with chronic hepatitis.","35","null","Homo sapiens","MSigDB","109"
"MAX000815","A","Genes with putative STAT5 [GeneID=6777] binding sites; up regulated by IL2 [Gene D=3558] in both primary thymocytes and T1 cells (primary thymocytes immortalized by Tax,  an HTLV 1 encoded gene).","7","null","Homo sapiens","MSigDB","90.6"
"MAX000814","A","Genes up regulated by IL2 [GeneID=3558] in T1 cells (primary thymocytes immortalized by Tax,  an HTLV 1 encoded gene).","12","null","Homo sapiens","MSigDB","86.8"
"WIG000726","P","Genes involved in Binding and entry of HIV virion","6","null","Homo sapiens","MSigDB","82.7"
"MAX003165","A","Genes positively correlated with recurrence free survival in patients with hepatitis B related (HBV) hepatocellular carcinoma (HCC).","101","null","Homo sapiens","MSigDB","58.7"
"FAX002032","A","Genes down regulated in comparison of CD8 T cells with progressing HIV infection versus those with controlled HIV infection.","184","null","Homo sapiens","MSigDB","55.7"
"FAX001850","A","Genes down regulated in comparison of control conventional dendritic cells (cDC) at 0 h versus cDCs infected with Newcastle disease virus (NDV) at 14 h.","171","null","Homo sapiens","MSigDB","55.2"
"GEX000843","G","hiv infections","5","null","Homo sapiens","GAD","53.8"
"GEX000820","G","hepatitis c,  chronic","22","null","Homo sapiens","GAD","45.4"
"GEX167408","G","Hepatitis B","3","21750111.0","Homo sapiens","GWAS Catalog","35.8"
"FAX001854","A","Genes down regulated in comparison of control conventional dendritic cells (cDC) at 0 h versus cDCs infected with Newcastle disease virus (NDV) at 18 h.","164","null","Homo sapiens","MSigDB","29.4"
"GEX166933","G","Carotid atherosclerosis in HIV infection","7","20009918.0","Homo sapiens","GWAS Catalog","29.4"
"WIG000704","P","Genes involved in APOBEC3G mediated resistance to HIV 1 infection","7","null","Homo sapiens","MSigDB","28.5"
"GEX166953","G","HIV 1 control","14","20041166.0","Homo sapiens","GWAS Catalog","26.7"
"GEX000846","G","hiv 1 control","14","null","Homo sapiens","GAD","23.5"
"GEX000371","G","carotid atherosclerosis in hiv infection","7","null","Homo sapiens","GAD","22.9"
"FAX001853","A","Genes up regulated in comparison of control conventional dendritic cells (cDC) at 0 h versus cDCs infected with Newcastle disease virus (NDV) at 16 h.","174","null","Homo sapiens","MSigDB","22.7"
"GEX166756","G","AIDS progression","7","19115949.0","Homo sapiens","GWAS Catalog","18.3"
"GEX000044","G","aids progression","7","null","Homo sapiens","GAD","18.3"
"GEX167779","G","Hepatitis C induced liver fibrosis","5","22841784.0","Homo sapiens","GWAS Catalog","17.2"
"MAX001394","A","Genes up regulated in AIDS related primary effusion lymphoma (PEL) samples compared to other tumor subtypes and normal B lymphocytes.","49","null","Homo sapiens","MSigDB","12.7"
"FAX001849","A","Genes up regulated in comparison of control conventional dendritic cells (cDC) at 0 h versus cDCs infected with Newcastle disease virus (NDV) at 12 h.","174","null","Homo sapiens","MSigDB","12.3"
"FAX001869","A","Genes up regulated in comparison of control conventional dendritic cells (cDC) at 18 h versus cDCs infected with Newcastle disease virus (NDV) at 18 h.","181","null","Homo sapiens","MSigDB","8.41"
"FAX001851","A","Genes up regulated in comparison of control conventional dendritic cells (cDC) at 0 h versus cDCs infected with Newcastle disease virus (NDV) at 14 h.","179","null","Homo sapiens","MSigDB","6.61"
"FAX001865","A","Genes up regulated in comparison of control conventional dendritic cells (cDC) at 0 h versus cDCs infected with Newcastle disease virus (NDV) at 8 h.","170","null","Homo sapiens","MSigDB","6.00"
"FAX002033","A","Genes up regulated in comparison of CD8 T cells with progressing HIV infection versus those with controlled HIV infection.","188","null","Homo sapiens","MSigDB","4.53"
"FAX001855","A","Genes up regulated in comparison of control conventional dendritic cells (cDC) at 0 h versus cDCs infected with Newcastle disease virus (NDV) at 18 h.","181","null","Homo sapiens","MSigDB","3.70"
"FAX001847","A","Genes up regulated in comparison of control conventional dendritic cells (cDC) at 0 h versus cDCs infected with Newcastle disease virus (NDV) at 10 h.","169","null","Homo sapiens","MSigDB","2.86"
"FAX001867","A","Genes up regulated in comparison of control conventional dendritic cells (cDC) at 10 h versus cDCs infected with Newcastle disease virus (NDV) at 10 h.","177","null","Homo sapiens","MSigDB","2.61"
"FAX001858","A","Genes down regulated in comparison of control conventional dendritic cells (cDC) at 0 h versus cDCs infected with Newcastle disease virus (NDV) at 1 h.","158","null","Homo sapiens","MSigDB","2.39"
"FAX001863","A","Genes up regulated in comparison of control conventional dendritic cells (cDC) at 0 h versus cDCs infected with Newcastle disease virus (NDV) at 6 h.","173","null","Homo sapiens","MSigDB","2.25"
"FAX001861","A","Genes up regulated in comparison of control conventional dendritic cells (cDC) at 0 h versus cDCs infected with Newcastle disease virus (NDV) at 4 h.","166","null","Homo sapiens","MSigDB","0.288"
"FAX001875","A","Genes up regulated in comparison of control conventional dendritic cells (cDC) at 6 h versus cDCs infected with Newcastle disease virus (NDV) at 6 h.","178","null","Homo sapiens","MSigDB","0.161"
"FAX001859","A","Genes up regulated in comparison of control conventional dendritic cells (cDC) at 0 h versus cDCs infected with Newcastle disease virus (NDV) at 1 h.","170","null","Homo sapiens","MSigDB","0.00746"
"GEX000815","G","hepatitis b liver cancer","2","null","Homo sapiens","GAD","0.00"
"GEX000013","G","acquired immunodeficiency syndrome|disease progression","1","null","Homo sapiens","GAD","0.00"
"GEX000209","G","autoimmune hepatitis","2","null","Homo sapiens","GAD","0.00"
"FAX001873","A","Genes up regulated in comparison of control conventional dendritic cells (cDC) at 2 h versus cDCs infected with Newcastle disease virus (NDV) at 2 h.","159","null","Homo sapiens","MSigDB","0.00"
"FAX001857","A","Genes up regulated in comparison of control conventional dendritic cells (cDC) at 0 h versus cDCs infected with Newcastle disease virus (NDV) at 1 h.","153","null","Homo sapiens","MSigDB","0.00"
"FAX001870","A","Genes down regulated in comparison of control conventional dendritic cells (cDC) at 1 h versus cDCs infected with Newcastle disease virus (NDV) at 1 h.","168","null","Homo sapiens","MSigDB","0.00"
"GEX167908","G","Hepatocellular carcinoma (hepatitis B virus related)","1","23242368.0","Homo sapiens","GWAS Catalog","0.00"
"GEX000821","G","hepatitis c,  chronic|liver cirrhosis","2","null","Homo sapiens","GAD","0.00"
"FAX001856","A","Genes down regulated in comparison of control conventional dendritic cells (cDC) at 0 h versus cDCs infected with Newcastle disease virus (NDV) at 1 h.","162","null","Homo sapiens","MSigDB","0.00"
"GEX167000","G","HIV 1 control","7","20205591.0","Homo sapiens","GWAS Catalog","0.00"
"GEX167557","G","HIV 1 susceptibility","7","22174851.0","Homo sapiens","GWAS Catalog","0.00"
"GEX167558","G","HIV 1 viral setpoint","8","22174851.0","Homo sapiens","GWAS Catalog","0.00"
"GEX167321","G","AIDS progression","6","21502085.0","Homo sapiens","GWAS Catalog","0.00"
"GEX000853","G","htlv 1 associated myelopathy/tropical spastic; paraparesis","1","null","Homo sapiens","GAD","0.00"
"GEX000816","G","hepatitis b vaccines","4","null","Homo sapiens","GAD","0.00"
"GEX000819","G","hepatitis c virus infection","2","null","Homo sapiens","GAD","0.00"
"GEX000425","G","chronic hepatitis c","1","null","Homo sapiens","GAD","0.00"
"GEX000813","G","hepatitis","1","null","Homo sapiens","GAD","0.00"
"GEX167371","G","Response to hepatitis C treatment","2","21659334.0","Homo sapiens","GWAS Catalog","0.00"
"GEX167497","G","Dengue shock syndrome","2","22001756.0","Homo sapiens","GWAS Catalog","0.00"
"GEX000440","G","cirrhosis hepatitis c,  chronic","2","null","Homo sapiens","GAD","0.00"
"GEX000551","G","dengue hemorrhagic fever","5","null","Homo sapiens","GAD","0.00"
"GEX166896","G","AIDS","3","19754311.0","Homo sapiens","GWAS Catalog","0.00"
"FAX001872","A","Genes down regulated in comparison of control conventional dendritic cells (cDC) at 2 h versus cDCs infected with Newcastle disease virus (NDV) at 2 h.","157","null","Homo sapiens","MSigDB","0.00"
"GEX167232","G","HIV 1 susceptibility","4","21160409.0","Homo sapiens","GWAS Catalog","0.00"
"GEX167458","G","Fat distribution (HIV)","17","21897333.0","Homo sapiens","GWAS Catalog","0.00"
"GEX000845","G","hiv 1","73","null","Homo sapiens","GAD","0.00"
"GEX000043","G","aids","5","null","Homo sapiens","GAD","0.00"
"FAX001871","A","Genes up regulated in comparison of control conventional dendritic cells (cDC) at 1 h versus cDCs infected with Newcastle disease virus (NDV) at 1 h.","154","null","Homo sapiens","MSigDB","0.00"
"GEX167709","G","HIV associated dementia","2","22628157.0","Homo sapiens","GWAS Catalog","0.00"
"GEX000844","G","hiv infections|[x]human immunodeficiency virus disease","2","null","Homo sapiens","GAD","0.00"
"GEX000847","G","hiv rna and cellular hiv dna levels","1","null","Homo sapiens","GAD","0.00"
"GEX001458","G","sars (severe acute respiratory syndrome)","2","null","Homo sapiens","GAD","0.00"
"GEX167413","G","Hepatitis B vaccine response","1","21764829.0","Homo sapiens","GWAS Catalog","0.00"
"GEX167538","G","Response to hepatitis C treatment","7","22095909.0","Homo sapiens","GWAS Catalog","0.00"
"GEX000823","G","hepatitis,  autoimmune","1","null","Homo sapiens","GAD","0.00"
"GEX000012","G","acquired immunodeficiency syndrome","14","null","Homo sapiens","GAD","0.00"